{
  "results": {
    "0": {
      "8": [
        89,
        168,
        100
      ],
      "12": [
        192,
        521,
        214
      ]
    },
    "1": {
      "8": [
        699,
        279,
        672
      ],
      "12": [
        320,
        319,
        916
      ]
    },
    "2": {
      "8": [
        539,
        541,
        539
      ],
      "12": [
        613,
        612,
        613
      ]
    }
  },
  "conv_flags": {
    "0": {
      "8": [
        true,
        true,
        true
      ],
      "12": [
        true,
        true,
        true
      ]
    },
    "1": {
      "8": [
        true,
        true,
        true
      ],
      "12": [
        true,
        true,
        true
      ]
    },
    "2": {
      "8": [
        true,
        true,
        true
      ],
      "12": [
        true,
        true,
        true
      ]
    }
  },
  "approx_ratios": {
    "0": {
      "8": [
        0.9687499982676613,
        0.9999999984066685,
        0.8437499978884964
      ],
      "12": [
        0.7959183655049488,
        0.8163265276687101,
        0.9183673446836843
      ]
    },
    "1": {
      "8": [
        0.9991864877724944,
        0.999999997153341,
        0.9999839645604671
      ],
      "12": [
        0.7959162530463731,
        0.8163265186488722,
        0.9999987575956473
      ]
    },
    "2": {
      "8": [
        0.9999931656083159,
        0.9999999350816282,
        0.9999989051238988
      ],
      "12": [
        0.795913321769054,
        0.8163262322382331,
        0.9999919596142921
      ]
    }
  }
}