{
  "results": {
    "0": {
      "8": [
        89,
        168,
        100
      ],
      "12": [
        192,
        521,
        214
      ],
      "16": [
        306,
        244,
        576
      ],
      "20": [
        2251,
        1045,
        2056
      ]
    },
    "1": {
      "8": [
        699,
        279,
        672
      ],
      "12": [
        320,
        319,
        916
      ],
      "16": [
        677,
        513,
        868
      ],
      "20": [
        1433,
        814, 
        1024
      ]
    },
    "2": {
      "8": [
        539,
        541,
        539
      ],
      "12": [
        613,
        612,
        613
      ],
      "16": [
        1179,
        924,
        971
      ],
      "20": [
        2251,
        1476,
        2056
      ]
    }
  },
  "conv_flags": {
    "0": {
      "8": [
        true,
        true,
        true
      ],
      "12": [
        true,
        true,
        true
      ],
      "16": [
        true,
        true,
        true
      ],
      "20": [
        true,
        true,
        true
      ]
    },
    "1": {
      "8": [
        true,
        true,
        true
      ],
      "12": [
        true,
        true,
        true
      ],
      "16": [
        true,
        true,
        true
      ],
      "20": [
        true,
        true,
        true
      ]
    },
    "2": {
      "8": [
        true,
        true,
        true
      ],
      "12": [
        true,
        true,
        true
      ],
      "16": [
        true,
        true,
        true
      ],
      "20": [
        true,
        true,
        true
      ]
    }
  },
  "approx_ratios": {
    "0": {
      "8": [
        0.9687499982676613,
        0.9999999984066685,
        0.8437499978884964
      ],
      "12": [
        0.7959183655049488,
        0.8163265276687101,
        0.9183673446836843
      ],
      "16": [
        0.8980263019621808,
        0.9177631542064943,
        1.0098684197817585
      ],
      "20": [
        0.8947176416657061,
        0.8788343531918945
      ]
    },
    "1": {
      "8": [
        0.9991864877724944,
        0.999999997153341,
        0.9999839645604671
      ],
      "12": [
        0.7959162530463731,
        0.8163265186488722,
        0.9999987575956473
      ],
      "16": [
        0.8978616559710165,
        0.9177603309602458,
        1.0098614445205474
      ],
      "20": [
        0.8587412571796134,
        0.8787095309016725
      ]
    },
    "2": {
      "8": [
        0.9999931656083159,
        0.9999999350816282,
        0.9999989051238988
      ],
      "12": [
        0.795913321769054,
        0.8163262322382331,
        0.9999919596142921
      ],
      "16": [
        0.8970119103221927,
        0.9177256279921455,
        1.0097568807545731
      ],
      "20": [
        0.8563930212277401,
        0.877595119433378
      ]
    }
  }
}