{
  "Real Hardware": {
    "final_energy": -0.2788152370323131,
    "final_approx_ratio": 0.6163284187030078,
    "layer": [
      0,
      1,
      2
    ],
    "approx_ratio": [
      0.3107084116541356,
      0.6295328164160405,
      0.6163284187030078
    ],
    "optimizer_loss": [
      [
        0.07417557450663195,
        0.0778537478190928,
        0.07698984356918925,
        0.07205673920881385,
        0.08081847146691742,
        0.07621221706653589,
        0.06739393289026299,
        0.06887454787064692,
        0.06852582703603977,
        0.06279605455845311,
        0.0537038891224037,
        0.04135421741956091,
        0.016219131199751498,
        0.07513584534789171,
        0.015551571863790338,
        -0.02740359939832184,
        -0.08503788679386395,
        -0.11910187251984138,
        -0.05701707766439922,
        -0.14055856717687087
      ],
      [
        -0.11271435657596383,
        -0.1045719068877552,
        -0.06492147640306134,
        -0.12123325892857152,
        -0.06962602749433118,
        -0.09924953054138333,
        -0.10951450892857155,
        -0.06820104343820872,
        -0.09181459041950127,
        -0.17082093253968264,
        -0.10870181405895704,
        -0.13987873795351488,
        -0.23167893459467132,
        -0.20389008467970535,
        -0.24402990362811805,
        -0.1836225375566895,
        -0.2049264367205216,
        -0.19317668473639468,
        -0.2034073394982994,
        -0.24222957412131532,
        -0.1901329542233561,
        -0.21033296130952392,
        -0.17125274589002276,
        -0.20325454400510212,
        -0.22443000637755114,
        -0.21967673788265316,
        -0.22088692247732433,
        -0.1920572916666668,
        -0.2089378720238097,
        -0.2644989636479593,
        -0.18989822491496608,
        -0.22665993480725635,
        -0.2575179811507938,
        -0.20382697349773257,
        -0.21674594316893434,
        -0.20006798292233577,
        -0.20563837514172345,
        -0.20732798327664406,
        -0.22817571038832213,
        -0.1986928234835602,
        -0.23595277954931987,
        -0.2505657862103176,
        -0.2400461486678006,
        -0.24328031994047628,
        -0.19627134708049898,
        -0.22160218253968267,
        -0.2414766687925171,
        -0.2847886550453517
      ],
      [
        -0.2466130332341271,
        -0.2096376310941044,
        -0.23284815228174613,
        -0.19365610827664406,
        -0.2788152370323131,
        -0.236322588931406,
        -0.24723639455782326,
        -0.2510894982993198,
        -0.26060821464002276,
        -0.23374167375283456,
        -0.2008563190901362,
        -0.20328997484410438,
        -0.22242484233276658,
        -0.2773991106859412,
        -0.2380443062641724,
        -0.2326134229733562,
        -0.21179559063208628,
        -0.22415763180272122,
        -0.24998671343537424,
        -0.23513344139739245,
        -0.21325932716836743,
        -0.24056875354308405,
        -0.24205463435374167,
        -0.23191255668934252,
        -0.21861824156746051,
        -0.24586234233276655,
        -0.25724782100340143,
        -0.2426658163265307,
        -0.26606013499149667,
        -0.22792215844671213,
        -0.20294673859126997,
        -0.22399265695861686,
        -0.23958886940192758,
        -0.22009526466836743,
        -0.22470680980725632,
        -0.22709396258503417,
        -0.2526185604450114,
        -0.25963054492630394,
        -0.23758924142573706,
        -0.23380810657596376,
        -0.24639712655895704,
        -0.21370996315192756,
        -0.264352811437075,
        -0.2598885257227892,
        -0.2342000602324264,
        -0.2675061561082767,
        -0.22792326566043095,
        -0.19603883219954663,
        -0.22220782844387765,
        -0.26707102111678016,
        -0.25394168083900237,
        -0.22288433602607727,
        -0.220802774234694,
        -0.21217315051020413,
        -0.2637360933956917,
        -0.23616093572845814,
        -0.20053190547052166,
        -0.23953240150226768,
        -0.23903636975623596,
        -0.2399498210742631,
        -0.22137188208616793,
        -0.24685772746598653,
        -0.25441778273809534,
        -0.24092970521541957,
        -0.2708366549744899,
        -0.22310910041099782,
        -0.19529810622165542,
        -0.22766417765022687,
        -0.246780222505669,
        -0.2228511196145126,
        -0.2304277830924037,
        -0.23842186614229027,
        -0.23481013499149672,
        -0.24111239547902502,
        -0.23076326884920645,
        -0.23928106398809534,
        -0.2410359977324264,
        -0.2136568168934242,
        -0.25893632192460325,
        -0.2489271099064627,
        -0.24234029549319738,
        -0.2521103493480727,
        -0.2331670298327666,
        -0.19424403876133797,
        -0.2256180466978459,
        -0.26346371882086184,
        -0.26809519380668945,
        -0.2585255456349207,
        -0.25849897250566906,
        -0.2558748759920636,
        -0.26076654620181416,
        -0.2715984180130387,
        -0.261126390660431,
        -0.2594024589002269,
        -0.26528176374716567,
        -0.2663823341836736,
        -0.260650288761338,
        -0.25560360863095255,
        -0.2682236305980727,
        -0.25965268920068046
      ]
    ],
    "backend_switch": {
      "fallback_eval": 18,
      "total_evals": 168,
      "ended_on_fake": true,
      "active_token": 0
    }
  },
  "Fake Backend": {
    "final_energy": -0.2794994951105443,
    "final_approx_ratio": 0.6178409891917294,
    "layer": [
      0,
      1,
      2
    ],
    "approx_ratio": [
      0.221518150845865,
      0.47852786262531344,
      0.6178409891917294
    ],